id,slug,variant,section,board,title,description,alt_text,link,image_url,keywords,publish_date
velykodniy-rushnyk_A,velykodniy-rushnyk,A,vyshyti-rushnyky,Вишиті рушники,"Великодній рушник: значення, символіка і як обрати","Великодній рушник — обрядове полотно, яким накривають кошик або паску.

Що всередині: символіка писанкових і рослинних мотивів, святкова гама кольорів, чим великодній рушник відрізняється від хатнього, як обрати готовий або вишити свій.

Повний гід — на ridnavyshyvka.com.ua",Вишитий рушник із червоно-чорним квітковим орнаментом на лляному полотні,https://ridnavyshyvka.com.ua/vyshyti-rushnyky/velykodniy-rushnyk/,https://ridnavyshyvka.com.ua/pins/pin_velykodniy-rushnyk_A.jpg,"великодній рушник, пасхальний рушник, рушник на великодній кошик, українська вишивка, вишивка хрестиком",2026-08-23 08:00
vyshyvka-hrestykom_C,vyshyvka-hrestykom,C,vyshyvka-hrestykom,Вишивка хрестиком,Вишивка хрестиком з нуля: повний гід для початківців,"Хрестик — найпростіша техніка для старту.

Зібрали в одному гіді: яку канву й нитки брати, як читати схему, з чого починати перший мотив і скільки це коштує.","Червоно-чорний орнамент, вишитий хрестиком у деревʼяних пʼяльцях, поруч муліне",https://ridnavyshyvka.com.ua/vyshyvka-hrestykom/,https://ridnavyshyvka.com.ua/pins/pin_vyshyvka-hrestykom_C.jpg,"вишивка хрестиком, вишивка для початківців, схеми хрестиком, канва, муліне",2026-08-23 10:15
borshchivska-sorochka_A,borshchivska-sorochka,A,ukrayinska-vyshyvka,Українська вишивка,Борщівська сорочка: історія й техніка чорної вишивки,"Борщівська сорочка впізнається одразу: густа чорна вовняна вишивка вкриває рукав майже суцільно.

Що всередині: легенда про чорний колір, техніка та мотиви, чим автентична сорочка відрізняється від сувенірної.

Читайте на ridnavyshyvka.com.ua",Чорна вишиванка з густою геометричною вишивкою серед інших регіональних сорочок,https://ridnavyshyvka.com.ua/ukrayinska-vyshyvka/borshchivska-sorochka/,https://ridnavyshyvka.com.ua/pins/pin_borshchivska-sorochka_A.jpg,"борщівська сорочка, чорна вишивка, вишиванка Тернопільщини, регіональні вишиванки, українська вишивка",2026-08-23 11:30
vyshyvanka_C,vyshyvanka,C,vyshyvanka,Вишиванка та орнаменти,"Вишиванка: види, орнаменти та як обрати свою","Вишиванка — не один фасон, а десятки регіональних традицій.

Зібрали головне: види сорочок, з яких тканин їх шиють, що означає орнамент і як не купити сувенірний друк замість вишивки.","Лляна вишиванка з червоно-чорним орнаментом на комірі, манжеті та пазусі",https://ridnavyshyvka.com.ua/vyshyvanka/,https://ridnavyshyvka.com.ua/pins/pin_vyshyvanka_C.jpg,"вишиванка, українська сорочка, як обрати вишиванку, орнаменти вишиванки",2026-08-23 13:45
zagotovky-dlya-vyshyvky-biserom_A,zagotovky-dlya-vyshyvky-biserom,A,vyshyvka-biserom,Вишивка бісером,Заготовки для вишивки бісером: що це і як обрати,"Заготовка — це тканина з нанесеним малюнком і схемою, по якій лишається тільки пришити бісер.

Що всередині: які бувають заготовки, що входить у набір, як перевірити якість друку й тканини і що доведеться докупити окремо.","Бісер червоного, чорного й білого кольорів та голка на тканині поруч зі схемою",https://ridnavyshyvka.com.ua/vyshyvka-biserom/zagotovky-dlya-vyshyvky-biserom/,https://ridnavyshyvka.com.ua/pins/pin_zagotovky-dlya-vyshyvky-biserom_A.jpg,"заготовки для вишивки бісером, набори для вишивки бісером, схеми бісером, вишивка бісером для початківців",2026-08-23 15:00
materialy-dlya-vyshyvky_C,materialy-dlya-vyshyvky,C,materialy-dlya-vyshyvky,Матеріали для вишивки,Матеріали для вишивки: що потрібно купити на старті,"Щоб почати вишивати, вистачає пʼяти речей.

Зібрали базовий список — канва, муліне, голки, пʼяльці, ножиці — з поясненням, що брати одразу, а що можна відкласти.","Пʼяльці, канва, мотки червоного й чорного муліне, голки та ножиці на лляній тканині",https://ridnavyshyvka.com.ua/materialy-dlya-vyshyvky/,https://ridnavyshyvka.com.ua/pins/pin_materialy-dlya-vyshyvky_C.jpg,"матеріали для вишивки, що потрібно для вишивки, канва нитки голки, набір новачка",2026-08-23 17:15
tamburna-vyshyvka_A,tamburna-vyshyvka,A,tehniky-vyshyvky,Техніки вишивки,Тамбурна вишивка: як вишивати тамбурним швом,"Тамбурний шов — це ланцюжок з петель, яким вишивають контури, стебла й суцільні заливки.

Що всередині: техніка голкою і гачком крок за кроком, де застосовують шов і яких помилок припускаються новачки.","Пʼяльці з вишитою червоною квіткою, голка та моток муліне на лляній тканині",https://ridnavyshyvka.com.ua/tehniky-vyshyvky/tamburna-vyshyvka/,https://ridnavyshyvka.com.ua/pins/pin_tamburna-vyshyvka_A.jpg,"тамбурна вишивка, тамбурний шов, вишивка ланцюжком, техніки вишивки, вишивка для початківців",2026-08-23 18:30
ukrayinska-vyshyvka_C,ukrayinska-vyshyvka,C,ukrayinska-vyshyvka,Українська вишивка,"Українська вишивка: історія, регіони та символіка","Вишивка різна на Полтавщині, Поділлі й Гуцульщині — і це видно з першого погляду.

Зібрали основне: як склалася традиція, чим відрізняються регіони, що означають кольори й символи.",Кілька вишитих рушників з червоно-чорними орнаментами на деревʼяному столі,https://ridnavyshyvka.com.ua/ukrayinska-vyshyvka/,https://ridnavyshyvka.com.ua/pins/pin_ukrayinska-vyshyvka_C.jpg,"українська вишивка, історія вишивки, регіональні відмінності, символіка вишивки",2026-08-23 20:45
slovnyk-vyshyvky_A,slovnyk-vyshyvky,A,site,Українська вишивка,Словник вишивальних термінів — простими словами,"Каунт, аїда, рівномірка, складання, бекстіч, ключ до схеми.

Коротко пояснюємо терміни, які трапляються в описах наборів і схем — щоб більше не гуглити кожне слово окремо.","Мотки муліне червоних і чорних відтінків, розкладені віялом на лляній тканині",https://ridnavyshyvka.com.ua/slovnyk-vyshyvky/,https://ridnavyshyvka.com.ua/pins/pin_slovnyk-vyshyvky_A.jpg,"словник вишивальних термінів, каунт, аїда, бекстіч, терміни вишивки",2026-08-24 08:00
vyshyvka-biserom_C,vyshyvka-biserom,C,vyshyvka-biserom,Вишивка бісером,Вишивка бісером — з чого почати новачку,"Бісер тримається на тканині лише за рахунок правильного шва.

Зібрали базу: який бісер брати, чим його пришивати, яка тканина підходить і які шви використовують найчастіше.","Гердан і браслет з червоно-чорного бісеру на лляній тканині, поруч розсипаний бісер",https://ridnavyshyvka.com.ua/vyshyvka-biserom/,https://ridnavyshyvka.com.ua/pins/pin_vyshyvka-biserom_C.jpg,"вишивка бісером, бісер для початківців, бісерні шви, українські прикраси з бісеру",2026-08-24 10:15
rushnyk-na-hrestyny_A,rushnyk-na-hrestyny,A,vyshyti-rushnyky,Вишиті рушники,Рушник на хрестини (крижмо): традиції та символіка,"Крижмо — рушник, у який приймають дитину після хрещення, і родинна реліквія на все життя.

Що всередині: хто дарує крижмо, яку тканину обирають, які орнаменти доречні й чому його не можна різати чи перешивати.

Деталі — на ridnavyshyvka.com.ua","Біла вишивка по білому полотну: квітковий узор, виконаний технікою рішельє",https://ridnavyshyvka.com.ua/vyshyti-rushnyky/rushnyk-na-hrestyny/,https://ridnavyshyvka.com.ua/pins/pin_rushnyk-na-hrestyny_A.jpg,"рушник на хрестини, крижмо, хрестини дитини, біла вишивка, вишитий рушник, українські традиції",2026-08-24 11:30
tehniky-vyshyvky_C,tehniky-vyshyvky,C,tehniky-vyshyvky,Техніки вишивки,Техніки вишивки та види швів — короткий довідник,"Одна тканина, різні шви — і зовсім різний результат.

Зібрали основні техніки української вишивки з поясненням, де кожну застосовують і яка з них найпростіша для старту.",Пʼяльці зі зразками різних технік вишивки та мотки червоного й чорного муліне,https://ridnavyshyvka.com.ua/tehniky-vyshyvky/,https://ridnavyshyvka.com.ua/pins/pin_tehniky-vyshyvky_C.jpg,"техніки вишивки, види швів, українська вишивка, гладь мережка хрестик",2026-08-24 13:45
kalkulyator-rozmiru-vyshyvky_A,kalkulyator-rozmiru-vyshyvky,A,site,Українська вишивка,Калькулятор розміру вишивки: рахує канву за секунду,"Вводите кількість хрестиків і каунт канви — отримуєте готовий розмір роботи в сантиметрах.

Одразу з припуском на рамку. Безкоштовно, без реєстрації.","Два клапті канви різного плетіння, голка з червоною ниткою та мотки муліне",https://ridnavyshyvka.com.ua/kalkulyator-rozmiru-vyshyvky/,https://ridnavyshyvka.com.ua/pins/pin_kalkulyator-rozmiru-vyshyvky_A.jpg,"калькулятор розміру вишивки, розрахунок канви, каунт, скільки канви потрібно",2026-08-24 15:00
shemy-hrestykom_C,shemy-hrestykom,C,vyshyvka-hrestykom,Вишивка хрестиком,Схеми вишивки хрестиком: де брати і як обирати,"Погана схема псує навіть акуратну роботу.

Розповідаємо, де шукати безкоштовні схеми, які формати зручні для друку і за якими ознаками видно, що схему краще не брати.","Паперова схема вишивки хрестиком у клітинку, пʼяльці, канва й муліне на столі",https://ridnavyshyvka.com.ua/vyshyvka-hrestykom/shemy-hrestykom/,https://ridnavyshyvka.com.ua/pins/pin_shemy-hrestykom_C.jpg,"схеми вишивки хрестиком, безкоштовні схеми, схема хрестиком, українські орнаменти",2026-08-24 17:15
ridna-vyshyvka_A,ridna-vyshyvka,A,site,Українська вишивка,"Рідна вишивка: схеми, техніки й символіка українською","Сайт про українську вишивку: схеми хрестиком і бісером, техніки, символіка орнаментів, вишиванки й рушники.

Понад 45 докладних гідів українською мовою — без реклами й реєстрації.",Вишиті рушники з червоно-чорними українськими орнаментами на деревʼяному столі,https://ridnavyshyvka.com.ua/,https://ridnavyshyvka.com.ua/pins/pin_ridna-vyshyvka_A.jpg,"українська вишивка, схеми вишивки, вишиванка, рушники, вишивка бісером, техніки вишивки",2026-08-24 18:30
ornament-vyshyvanky_C,ornament-vyshyvanky,C,vyshyvanka,Вишиванка та орнаменти,Орнаменти вишиванки: значення символів і видів узору,"Кожен елемент на сорочці колись мав значення.

Розбираємо основні мотиви української вишивки — геометричні, рослинні й зооморфні — і що вони означали для тих, хто їх вишивав.","Червоно-чорний геометричний орнамент, вишитий хрестиком на лляному полотні",https://ridnavyshyvka.com.ua/vyshyvanka/ornament-vyshyvanky/,https://ridnavyshyvka.com.ua/pins/pin_ornament-vyshyvanky_C.jpg,"орнамент вишиванки, символи вишивки, значення орнаментів, українські узори",2026-08-24 20:45
kanva-dlya-vyshyvky_C,kanva-dlya-vyshyvky,C,materialy-dlya-vyshyvky,Матеріали для вишивки,"Канва для вишивки: аїда, рівномірка і як обрати каунт","Каунт — це кількість клітинок на дюйм. Що він більший, то дрібніший хрестик.

Пояснюємо різницю між аїдою та рівномірною тканиною і який каунт брати для першої роботи.","Два клапті канви різного плетіння, голка з червоною ниткою та мотки муліне",https://ridnavyshyvka.com.ua/materialy-dlya-vyshyvky/kanva-dlya-vyshyvky/,https://ridnavyshyvka.com.ua/pins/pin_kanva-dlya-vyshyvky_C.jpg,"канва для вишивки, аїда, рівномірка, каунт канви, як обрати канву",2026-08-25 08:00
vyshyti-rushnyky_C,vyshyti-rushnyky,C,vyshyti-rushnyky,Вишиті рушники,"Вишиті рушники: види, символіка та призначення","Рушник у хаті ніколи не був просто тканиною.

Розбираємо види вишитих рушників — весільний, хрестинний, божник, утирач — і що означають орнаменти на кожному.",Складений вишитий рушник із червоно-чорним орнаментом і зіркою-восьмикутником,https://ridnavyshyvka.com.ua/vyshyti-rushnyky/,https://ridnavyshyvka.com.ua/pins/pin_vyshyti-rushnyky_C.jpg,"вишиті рушники, види рушників, символіка рушника, українські рушники",2026-08-25 10:15
regionalni-vydy-vyshyvky_C,regionalni-vydy-vyshyvky,C,ukrayinska-vyshyvka,Українська вишивка,Регіональні види української вишивки: як відрізнити,"Біле по білому — Полтавщина. Щільний чорно-червоний геометричний узор — Поділля. Багатоколірна мозаїка — Гуцульщина.

Коротка шпаргалка, як упізнати регіон за кольором, швом і композицією.","Пʼять українських вишиванок різних регіонів, складених на лляному полотні",https://ridnavyshyvka.com.ua/ukrayinska-vyshyvka/regionalni-vydy-vyshyvky/,https://ridnavyshyvka.com.ua/pins/pin_regionalni-vydy-vyshyvky_C.jpg,"регіональні вишиванки, види української вишивки, Полтавщина Поділля Гуцульщина",2026-08-25 11:30
shemy-biserom_C,shemy-biserom,C,vyshyvka-biserom,Вишивка бісером,Схеми для вишивки бісером: де взяти і як користуватися,"Схема бісером схожа на хрестикову, але одна клітинка — це одна намистина.

Показуємо, де шукати схеми, як перенести малюнок на тканину і чому важливий однаковий калібр бісеру.","Схема з червоно-чорним орнаментом у клітинку, поруч бісер і голка на тканині",https://ridnavyshyvka.com.ua/vyshyvka-biserom/shemy-biserom/,https://ridnavyshyvka.com.ua/pins/pin_shemy-biserom_C.jpg,"схеми для вишивки бісером, бісерні схеми, вишивка бісером, орнамент бісером",2026-08-25 13:45
vyshyvka-gladdyu_C,vyshyvka-gladdyu,C,tehniky-vyshyvky,Техніки вишивки,"Вишивка гладдю: техніка, нитки та поширені помилки","Гладь виглядає складною, поки не зрозумієш логіку напрямку стібків.

Пояснюємо, як робити рівний край, чому стібки лягають нерівно і які нитки дають той самий шовковий полиск.","Червона квітка, вишита гладдю, у деревʼяних пʼяльцях поруч із мотком муліне",https://ridnavyshyvka.com.ua/tehniky-vyshyvky/vyshyvka-gladdyu/,https://ridnavyshyvka.com.ua/pins/pin_vyshyvka-gladdyu_C.jpg,"вишивка гладдю, техніка гладі, українська гладь, вишивка квітів",2026-08-25 15:00
legki-shemy-hrestykom_C,legki-shemy-hrestykom,C,vyshyvka-hrestykom,Вишивка хрестиком,Легкі схеми вишивки хрестиком — почати й закінчити за вечір,"Велика картина лякає. Маленький мотив — ні.

Зібрали прості схеми, які реально дошити: дрібні квіти, зірочки, бордюри. Ідеально для першої роботи або подарунка похапцем.","Три дрібні мотиви, вишиті хрестиком на білій канві, поруч голка й муліне",https://ridnavyshyvka.com.ua/vyshyvka-hrestykom/legki-shemy-hrestykom/,https://ridnavyshyvka.com.ua/pins/pin_legki-shemy-hrestykom_C.jpg,"легкі схеми вишивки хрестиком, прості схеми, вишивка для початківців, маленькі мотиви",2026-08-25 17:15
velykodniy-rushnyk_B,velykodniy-rushnyk,B,vyshyti-rushnyky,Вишиті рушники,"Великодній рушник — орнаменти, кольори, схеми","Півники, писанки, рослинні мотиви — розбираємо, що саме вишивають на великодньому рушнику і чому.

Плюс: типові розміри під кошик і скільки часу займе робота.",Крупний план вишитого рушника з червоно-чорним орнаментом,https://ridnavyshyvka.com.ua/vyshyti-rushnyky/velykodniy-rushnyk/,https://ridnavyshyvka.com.ua/pins/pin_velykodniy-rushnyk_B.jpg,"великодній рушник, пасхальний рушник, рушник на великодній кошик, українська вишивка, вишивка хрестиком",2026-08-25 18:30
cholovicha-vyshyvanka_C,cholovicha-vyshyvanka,C,vyshyvanka,Вишиванка та орнаменти,"Чоловіча вишиванка: орнаменти, крій і як обрати","Стійка чи відкладний комір, льон чи бавовна, стриманий узор чи насичений — вибір ширший, ніж здається.

Підказуємо, як підібрати чоловічу вишиванку під фігуру й привід.",Чоловік у лляній вишиванці з червоно-чорним геометричним орнаментом на пазусі,https://ridnavyshyvka.com.ua/vyshyvanka/cholovicha-vyshyvanka/,https://ridnavyshyvka.com.ua/pins/pin_cholovicha-vyshyvanka_C.jpg,"чоловіча вишиванка, вишиванка для чоловіка, орнаменти, як обрати вишиванку",2026-08-25 20:45
borshchivska-sorochka_B,borshchivska-sorochka,B,ukrayinska-vyshyvka,Українська вишивка,Борщівська сорочка — густа чорна вишивка,"Одна з найвпізнаваніших вишиванок України.

Чорна вовна, щільний геометричний узор, характерний крій рукава — розповідаємо, звідки це походить і як упізнати справжню борщівську сорочку.","Чорна вишиванка з густим геометричним орнаментом, складена на полотні",https://ridnavyshyvka.com.ua/ukrayinska-vyshyvka/borshchivska-sorochka/,https://ridnavyshyvka.com.ua/pins/pin_borshchivska-sorochka_B.jpg,"борщівська сорочка, чорна вишивка, вишиванка Тернопільщини, регіональні вишиванки, українська вишивка",2026-08-26 08:00
nytky-muline-dlya-vyshyvky_C,nytky-muline-dlya-vyshyvky,C,materialy-dlya-vyshyvky,Матеріали для вишивки,"Нитки муліне для вишивки: складання, якість, зберігання","Одна нитка муліне складається з шести тонших — і від їх кількості залежить щільність хрестика.

Розбираємо, скільки складань брати під різний каунт, як перевірити нитки на линяння і як зберігати мотки.",Віяло мотків муліне червоних і чорних відтінків на лляній тканині,https://ridnavyshyvka.com.ua/materialy-dlya-vyshyvky/nytky-muline-dlya-vyshyvky/,https://ridnavyshyvka.com.ua/pins/pin_nytky-muline-dlya-vyshyvky_C.jpg,"нитки муліне, муліне для вишивки, скільки складань, як обрати нитки",2026-08-26 10:15
zagotovky-dlya-vyshyvky-biserom_B,zagotovky-dlya-vyshyvky-biserom,B,vyshyvka-biserom,Вишивка бісером,Заготовка чи повний набір для вишивки бісером,"Заготовка — лише основа з малюнком. Набір — основа плюс бісер, голка й схема.

Порівнюємо, коли вигідніше брати кожен варіант і на чому найчастіше економлять виробники.","Червоний, чорний і білий бісер розсипаний на тканині поруч із голкою",https://ridnavyshyvka.com.ua/vyshyvka-biserom/zagotovky-dlya-vyshyvky-biserom/,https://ridnavyshyvka.com.ua/pins/pin_zagotovky-dlya-vyshyvky-biserom_B.jpg,"заготовки для вишивки бісером, набори для вишивки бісером, схеми бісером, вишивка бісером для початківців",2026-08-26 11:30
vesilnyi-rushnyk_C,vesilnyi-rushnyk,C,vyshyti-rushnyky,Вишиті рушники,Весільні рушники: скільки потрібно і який для чого,"Рушник під ноги, для вінчання, на коровай — у кожного своя роль.

Пояснюємо, скільки рушників готують на весілля, чим вони відрізняються і які символи традиційно вишивають.","Весільний рушник із вишитими голубами, вінком і калиною",https://ridnavyshyvka.com.ua/vyshyti-rushnyky/vesilnyi-rushnyk/,https://ridnavyshyvka.com.ua/pins/pin_vesilnyi-rushnyk_C.jpg,"весільний рушник, рушник на весілля, рушник під ноги, весільні традиції",2026-08-26 13:45
tamburna-vyshyvka_B,tamburna-vyshyvka,B,tehniky-vyshyvky,Техніки вишивки,Тамбурний шов — техніка крок за кроком,"Один рух голки — одна петля. Далі ланцюжок росте сам.

Показуємо, як тримати нитку, щоб петлі лягали рівно, і чим відрізняється робота гачком.","Червона квітка, вишита гладдю в деревʼяних пʼяльцях",https://ridnavyshyvka.com.ua/tehniky-vyshyvky/tamburna-vyshyvka/,https://ridnavyshyvka.com.ua/pins/pin_tamburna-vyshyvka_B.jpg,"тамбурна вишивка, тамбурний шов, вишивка ланцюжком, техніки вишивки, вишивка для початківців",2026-08-26 15:00
symvoly-ukrayinskoyi-vyshyvky_C,symvoly-ukrayinskoyi-vyshyvky,C,ukrayinska-vyshyvka,Українська вишивка,Символи української вишивки: значення знаків-оберегів,"Ромб — засіяне поле. Восьмикутна зірка — сонце. Дерево життя — рід.

Розбираємо значення традиційних символів української вишивки і як їх поєднували в узорі.",Крупний план вишивки з восьмикутними зірками та мотивами дерева життя,https://ridnavyshyvka.com.ua/ukrayinska-vyshyvka/symvoly-ukrayinskoyi-vyshyvky/,https://ridnavyshyvka.com.ua/pins/pin_symvoly-ukrayinskoyi-vyshyvky_C.jpg,"символи української вишивки, обереги, дерево життя, берегиня, значення символів",2026-08-26 17:15
slovnyk-vyshyvky_B,slovnyk-vyshyvky,B,site,Українська вишивка,"Каунт, аїда, бекстіч: що означають терміни у вишивці","Опис набору читається як шифр?

Зібрали найчастіші вишивальні терміни з поясненням українською — і що з них справді впливає на вибір матеріалів.",Мотки червоного й чорного муліне великим планом,https://ridnavyshyvka.com.ua/slovnyk-vyshyvky/,https://ridnavyshyvka.com.ua/pins/pin_slovnyk-vyshyvky_B.jpg,"словник вишивальних термінів, каунт, аїда, бекстіч, терміни вишивки",2026-08-26 18:30
braslety-z-biseru-shemy_C,braslety-z-biseru-shemy,C,vyshyvka-biserom,Вишивка бісером,Браслети з бісеру: схеми для початківців без станка,"Перший браслет реально сплести за один вечір.

Зібрали прості схеми з традиційним українським орнаментом і пояснили, як зробити акуратну застібку з косички.",Три плетені браслети з червоно-чорно-білого бісеру з українським орнаментом,https://ridnavyshyvka.com.ua/vyshyvka-biserom/braslety-z-biseru-shemy/,https://ridnavyshyvka.com.ua/pins/pin_braslety-z-biseru-shemy_C.jpg,"браслети з бісеру, схеми браслетів, бісероплетіння для початківців, український орнамент",2026-08-26 20:45
rushnyk-na-hrestyny_B,rushnyk-na-hrestyny,B,vyshyti-rushnyky,Вишиті рушники,Крижмо на хрестини — що це і хто дарує,"Хрещена мати готує крижмо — біле полотно для обряду хрещення.

Розбираємо традицію: розмір, тканина, вишивка й правила зберігання родинної реліквії.",Ніжна біла вишивка на світлому полотні — тло для родинної реліквії,https://ridnavyshyvka.com.ua/vyshyti-rushnyky/rushnyk-na-hrestyny/,https://ridnavyshyvka.com.ua/pins/pin_rushnyk-na-hrestyny_B.jpg,"рушник на хрестини, крижмо, хрестини дитини, біла вишивка, вишитий рушник, українські традиції",2026-08-27 08:00
merezhka-vyshyvka_C,merezhka-vyshyvka,C,tehniky-vyshyvky,Техніки вишивки,Мережка — техніка ажурної вишивки крок за кроком,"Мережка робиться не додаванням, а вийманням ниток з полотна.

Показуємо, як підготувати тканину, скільки ниток висмикувати і як обвивати стовпчики, щоб край не сипався.",Ажурна мережка на лляному полотні поруч із червоно-чорним орнаментом хрестиком,https://ridnavyshyvka.com.ua/tehniky-vyshyvky/merezhka-vyshyvka/,https://ridnavyshyvka.com.ua/pins/pin_merezhka-vyshyvka_C.jpg,"мережка вишивка, ажурна вишивка, техніка мережки, українська вишивка",2026-08-27 10:15
kalkulyator-rozmiru-vyshyvky_B,kalkulyator-rozmiru-vyshyvky,B,site,Українська вишивка,Скільки канви купити під схему — порахуйте за секунду,"Найприкріша помилка — купити канву впритик.

Калькулятор рахує розмір роботи під ваш каунт і додає припуск на пʼяльці та оформлення.",Канва для вишивки великим планом з голкою та червоною ниткою,https://ridnavyshyvka.com.ua/kalkulyator-rozmiru-vyshyvky/,https://ridnavyshyvka.com.ua/pins/pin_kalkulyator-rozmiru-vyshyvky_B.jpg,"калькулятор розміру вишивки, розрахунок канви, каунт, скільки канви потрібно",2026-08-27 11:30
vyshyvka-hrestykom-dlya-pochatkivciv_C,vyshyvka-hrestykom-dlya-pochatkivciv,C,vyshyvka-hrestykom,Вишивка хрестиком,Вишивка хрестиком для початківців: 5 правил першої роботи,"Усі хрестики мають лежати в один бік. Вузлів на вивороті бути не повинно.

Зібрали базові правила, через які робота новачка виглядає акуратно вже з першого мотиву.",Руки вишивають червоні хрестики на канві в деревʼяних пʼяльцях,https://ridnavyshyvka.com.ua/vyshyvka-hrestykom/vyshyvka-hrestykom-dlya-pochatkivciv/,https://ridnavyshyvka.com.ua/pins/pin_vyshyvka-hrestykom-dlya-pochatkivciv_C.jpg,"вишивка хрестиком для початківців, як вишивати хрестиком, перша вишивка, помилки новачків",2026-08-27 13:45
ridna-vyshyvka_B,ridna-vyshyvka,B,site,Українська вишивка,"Українська вишивка: схеми, техніки, символіка — в одному місці","Від першого хрестика до весільного рушника.

Схеми, розбір технік, значення символів і кольорів, поради з матеріалів — усе українською.","Вишиті рушники з червоними орнаментами, складені на столі",https://ridnavyshyvka.com.ua/,https://ridnavyshyvka.com.ua/pins/pin_ridna-vyshyvka_B.jpg,"українська вишивка, схеми вишивки, вишиванка, рушники, вишивка бісером, техніки вишивки",2026-08-27 15:00
vyshyvanka-zhinocha_C,vyshyvanka-zhinocha,C,vyshyvanka,Вишиванка та орнаменти,"Жіноча вишиванка: фасони, орнаменти та як обрати","Вишиванку хочеться носити не лише на свято.

Розбираємо фасони жіночих сорочок, довжину рукава, тканини й орнаменти, які легко вписуються в буденний гардероб.",Жіноча лляна вишиванка з квітковим червоно-чорним орнаментом на рукаві,https://ridnavyshyvka.com.ua/vyshyvanka/vyshyvanka-zhinocha/,https://ridnavyshyvka.com.ua/pins/pin_vyshyvanka-zhinocha_C.jpg,"жіноча вишиванка, фасони вишиванок, вишиванка жіноча орнамент, українська сорочка",2026-08-27 17:15
golky-dlya-vyshyvannya_C,golky-dlya-vyshyvannya,C,materialy-dlya-vyshyvky,Матеріали для вишивки,"Голки для вишивання: види, номери та як обрати","Тупий кінчик — для хрестика по канві, гострий — для гладі та бісеру.

Пояснюємо систему номерів, який розмір вушка потрібен під муліне і чому одна голка не підходить для всього.","Дві голки з червоною та чорною нитками, бісер і латунний футляр на полотні",https://ridnavyshyvka.com.ua/materialy-dlya-vyshyvky/golky-dlya-vyshyvannya/,https://ridnavyshyvka.com.ua/pins/pin_golky-dlya-vyshyvannya_C.jpg,"голки для вишивання, номери голок, гобеленова голка, голка для бісеру",2026-08-27 18:30
shemy-rushnykiv-hrestykom_C,shemy-rushnykiv-hrestykom,C,vyshyti-rushnyky,Вишиті рушники,Схеми рушників хрестиком: бордюри та центральні мотиви,"Рушник будується з простих блоків: бордюр, поле, центральний мотив.

Показуємо класичні схеми, як скомпонувати їх на полотні та як розрахувати довжину узору.",Паперова схема хрестиком поруч із вишитим рушником у червоно-чорній гамі,https://ridnavyshyvka.com.ua/vyshyti-rushnyky/shemy-rushnykiv-hrestykom/,https://ridnavyshyvka.com.ua/pins/pin_shemy-rushnykiv-hrestykom_C.jpg,"схеми рушників хрестиком, рушник схема, бордюри вишивка, українські рушники",2026-08-27 20:45
symvolika-koloriv-vyshyvky_C,symvolika-koloriv-vyshyvky,C,ukrayinska-vyshyvka,Українська вишивка,Символіка кольорів в українській вишивці,"Червоний — життя й любов, чорний — земля, синій — вода і зцілення.

Пояснюємо, що означали кольори в українській вишивці та чому в різних регіонах палітра різна.",Мотки муліне різних кольорів поруч із вишиванкою з червоно-чорним орнаментом,https://ridnavyshyvka.com.ua/ukrayinska-vyshyvka/symvolika-koloriv-vyshyvky/,https://ridnavyshyvka.com.ua/pins/pin_symvolika-koloriv-vyshyvky_C.jpg,"символіка кольорів вишивки, значення кольорів, червоний чорний у вишивці",2026-08-28 08:00
broshky-z-biseru_C,broshky-z-biseru,C,vyshyvka-biserom,Вишивка бісером,Брошки з бісеру своїми руками: покроково для початківців,"Фетр, бісер, голка й трохи терпіння — цього досить для першої брошки.

Розбираємо порядок роботи: від перенесення контуру до обробки краю і кріплення застібки.","Брошка-метелик, вишита різнокольоровим бісером, на деревʼяному столі",https://ridnavyshyvka.com.ua/vyshyvka-biserom/broshky-z-biseru/,https://ridnavyshyvka.com.ua/pins/pin_broshky-z-biseru_C.jpg,"брошки з бісеру, брошка своїми руками, вишивка бісером по фетру, handmade прикраси",2026-08-28 10:15
bila-vyshyvka-rishelye_C,bila-vyshyvka-rishelye,C,tehniky-vyshyvky,Техніки вишивки,"Біла вишивка: лиштва, мережка, рішельє","Білим по білому — вишивка, у якій узор тримається на фактурі, а не на кольорі.

Розбираємо три техніки, у чому їхня різниця і чому робота потребує рівного світла.","Білий квітковий узор, вишитий технікою рішельє на світлому полотні",https://ridnavyshyvka.com.ua/tehniky-vyshyvky/bila-vyshyvka-rishelye/,https://ridnavyshyvka.com.ua/pins/pin_bila-vyshyvka-rishelye_C.jpg,"біла вишивка, рішельє, лиштва, вишивка білим по білому, ажурна вишивка",2026-08-28 11:30
velykodniy-rushnyk_C,velykodniy-rushnyk,C,vyshyti-rushnyky,Вишиті рушники,Чим накрити великодній кошик: який рушник обрати,"Невеликий рушник з акуратним бордюром — і кошик виглядає святково.

Показуємо, який орнамент доречний на Великдень, які розміри зручні й що реально встигнути вишити до свята.",Схема хрестиком поруч із вишитим рушником у червоно-чорній гамі,https://ridnavyshyvka.com.ua/vyshyti-rushnyky/velykodniy-rushnyk/,https://ridnavyshyvka.com.ua/pins/pin_velykodniy-rushnyk_C.jpg,"великодній рушник, пасхальний рушник, рушник на великодній кошик, українська вишивка, вишивка хрестиком",2026-08-28 13:45
shemy-kartyn-hrestykom_C,shemy-kartyn-hrestykom,C,vyshyvka-hrestykom,Вишивка хрестиком,Схеми картин хрестиком: як обрати сюжет і розрахувати розмір,"Картина — це десятки годин роботи, тож сюжет варто обирати свідомо.

Підказуємо, як оцінити складність схеми, порахувати розмір під канву і рознести роботу на етапи, щоб не втратити мотивацію.","Вишиті хрестиком червоні маки на канві в деревʼяній рамці, поруч муліне",https://ridnavyshyvka.com.ua/vyshyvka-hrestykom/shemy-kartyn-hrestykom/,https://ridnavyshyvka.com.ua/pins/pin_shemy-kartyn-hrestykom_C.jpg,"схеми картин хрестиком, вишиті картини, вишивка картини хрестиком, маки вишивка",2026-08-28 15:00
borshchivska-sorochka_C,borshchivska-sorochka,C,ukrayinska-vyshyvka,Українська вишивка,Чому борщівська сорочка чорна: легенда і техніка,"Найвідоміше пояснення — легенда про край, що втратив чоловіків, і жінок, які вбралися в жалобу.

Але є й практичний бік: вовна, щільність узору та регіональна школа вишивки. Розбираємо обидва.","Українські вишиванки різних регіонів, серед них чорна борщівська сорочка",https://ridnavyshyvka.com.ua/ukrayinska-vyshyvka/borshchivska-sorochka/,https://ridnavyshyvka.com.ua/pins/pin_borshchivska-sorochka_C.jpg,"борщівська сорочка, чорна вишивка, вишиванка Тернопільщини, регіональні вишиванки, українська вишивка",2026-08-28 17:15
vyshyvanka-dytyacha_C,vyshyvanka-dytyacha,C,vyshyvanka,Вишиванка та орнаменти,"Дитяча вишиванка: як обрати розмір, тканину та орнамент","Дитяча вишиванка має бути передусім зручною.

Підказуємо, яка тканина не колеться, як брати розмір на виріст і які орнаменти традиційно вишивали дітям.",Дитяча лляна вишиванка з червоно-чорним геометричним орнаментом на комірі й манжеті,https://ridnavyshyvka.com.ua/vyshyvanka/vyshyvanka-dytyacha/,https://ridnavyshyvka.com.ua/pins/pin_vyshyvanka-dytyacha_C.jpg,"дитяча вишиванка, вишиванка для дівчинки, вишиванка для хлопчика, розмір вишиванки",2026-08-28 18:30
zagotovky-dlya-vyshyvky-biserom_C,zagotovky-dlya-vyshyvky-biserom,C,vyshyvka-biserom,Вишивка бісером,Як обрати заготовку для вишивки бісером: 4 критерії,"Розмитий друк, тонка тканина й схема без ключа — три причини, чому робота не вийде акуратною.

Коротко розбираємо, що перевірити перед покупкою заготовки.",Схема для вишивки бісером у клітинку поруч із розсипаним бісером,https://ridnavyshyvka.com.ua/vyshyvka-biserom/zagotovky-dlya-vyshyvky-biserom/,https://ridnavyshyvka.com.ua/pins/pin_zagotovky-dlya-vyshyvky-biserom_C.jpg,"заготовки для вишивки бісером, набори для вишивки бісером, схеми бісером, вишивка бісером для початківців",2026-08-28 20:45
pyaltsi-dlya-vyshyvannya_C,pyaltsi-dlya-vyshyvannya,C,materialy-dlya-vyshyvky,Матеріали для вишивки,"Пʼяльці для вишивання: види, розміри та як натягнути тканину","Слабо натягнута тканина — перекошені хрестики.

Порівнюємо деревʼяні, пластикові пʼяльці та станки, підказуємо розмір під роботу і як зняти сліди від обруча.","Деревʼяні пʼяльці різних розмірів, вишитий хрестиком мотив і мотки муліне",https://ridnavyshyvka.com.ua/materialy-dlya-vyshyvky/pyaltsi-dlya-vyshyvannya/,https://ridnavyshyvka.com.ua/pins/pin_pyaltsi-dlya-vyshyvannya_C.jpg,"пʼяльці для вишивання, як натягнути тканину, деревʼяні пʼяльці, станок для вишивки",2026-08-29 08:00
tamburna-vyshyvka_C,tamburna-vyshyvka,C,tehniky-vyshyvky,Техніки вишивки,Тамбурна вишивка для початківців: опанувати за вечір,"Тамбурний шов — одна з найшвидших технік для старту.

Потрібні лише голка, нитка й пʼяльці. Розбираємо техніку по кроках і показуємо, через що петлі виходять нерівними.",Голка з червоною ниткою та моток муліне поруч із пʼяльцями,https://ridnavyshyvka.com.ua/tehniky-vyshyvky/tamburna-vyshyvka/,https://ridnavyshyvka.com.ua/pins/pin_tamburna-vyshyvka_C.jpg,"тамбурна вишивка, тамбурний шов, вишивка ланцюжком, техніки вишивки, вишивка для початківців",2026-08-29 10:15
vyshyvka-dlya-pochatkivciv_C,vyshyvka-dlya-pochatkivciv,C,ukrayinska-vyshyvka,Українська вишивка,Вишивка для початківців: з чого почати новачку,"Не треба купувати все одразу.

Пояснюємо, яку техніку обрати першою, який мінімальний набір потрібен і яка перша робота дасть результат за кілька вечорів.","Руки тримають пʼяльці з невеликим червоно-чорним мотивом, вишитим хрестиком",https://ridnavyshyvka.com.ua/ukrayinska-vyshyvka/vyshyvka-dlya-pochatkivciv/,https://ridnavyshyvka.com.ua/pins/pin_vyshyvka-dlya-pochatkivciv_C.jpg,"вишивка для початківців, з чого почати вишивати, перша вишивка, техніки для новачків",2026-08-29 11:30
slovnyk-vyshyvky_C,slovnyk-vyshyvky,C,site,Українська вишивка,Не розумієш опис набору для вишивки? Ось словник,"«Аїда 14, 2 складання, бекстіч» — і незрозуміло, що купувати.

Розшифровуємо вишивальні терміни простою мовою, щоб вибір матеріалів перестав бути лотереєю.","Різні відтінки червоного муліне, розкладені поруч на світлому полотні",https://ridnavyshyvka.com.ua/slovnyk-vyshyvky/,https://ridnavyshyvka.com.ua/pins/pin_slovnyk-vyshyvky_C.jpg,"словник вишивальних термінів, каунт, аїда, бекстіч, терміни вишивки",2026-08-29 13:45
herdany-shemy_C,herdany-shemy,C,vyshyvka-biserom,Вишивка бісером,"Гердан з бісеру: схеми, види та техніка плетіння","Гердан — традиційна нашийна прикраса зі стрічки бісеру.

Пояснюємо різницю між тканим і низаним герданом, показуємо схеми орнаментів і радимо, з якої техніки почати.",Стрічка гердана з червоно-чорно-білого бісеру на світлому полотні,https://ridnavyshyvka.com.ua/vyshyvka-biserom/herdany-shemy/,https://ridnavyshyvka.com.ua/pins/pin_herdany-shemy_C.jpg,"гердан з бісеру, схеми герданів, українські прикраси, бісероплетіння",2026-08-29 15:00
rushnyk-na-hrestyny_C,rushnyk-na-hrestyny,C,vyshyti-rushnyky,Вишиті рушники,Крижмо на хрестини: як обрати або вишити самостійно,"Готове крижмо чи вишите власноруч — обидва варіанти доречні.

Підказуємо, на що дивитися при виборі тканини, які орнаменти традиційні для дитячого рушника і як його правильно зберігати.",Біла ажурна вишивка рішельє великим планом,https://ridnavyshyvka.com.ua/vyshyti-rushnyky/rushnyk-na-hrestyny/,https://ridnavyshyvka.com.ua/pins/pin_rushnyk-na-hrestyny_C.jpg,"рушник на хрестини, крижмо, хрестини дитини, біла вишивка, вишитий рушник, українські традиції",2026-08-29 17:15
vyshyvka-strichkamy_C,vyshyvka-strichkamy,C,tehniky-vyshyvky,Техніки вишивки,Вишивка стрічками для початківців: обʼємні квіти,"Стрічка дає обʼєм там, де нитка дала б лише пляму кольору.

Показуємо базові шви, як зробити троянду й листок і яку тканину брати, щоб стрічка не рвала основу.","Обʼємні троянди зі стрічок, вишиті в пʼяльцях, поруч котушки стрічок",https://ridnavyshyvka.com.ua/tehniky-vyshyvky/vyshyvka-strichkamy/,https://ridnavyshyvka.com.ua/pins/pin_vyshyvka-strichkamy_C.jpg,"вишивка стрічками, обʼємна вишивка, троянди зі стрічок, вишивка для початківців",2026-08-29 18:30
kalkulyator-rozmiru-vyshyvky_C,kalkulyator-rozmiru-vyshyvky,C,site,Українська вишивка,Розмір вишивки за 10 секунд: безкоштовний калькулятор,"Схема в хрестиках, а канва — у сантиметрах.

Калькулятор переводить одне в інше і показує, скільки тканини брати з запасом. Збережіть, щоб не рахувати вручну.",Клапоть канви з великим плетінням і мотки муліне на світлому тлі,https://ridnavyshyvka.com.ua/kalkulyator-rozmiru-vyshyvky/,https://ridnavyshyvka.com.ua/pins/pin_kalkulyator-rozmiru-vyshyvky_C.jpg,"калькулятор розміру вишивки, розрахунок канви, каунт, скільки канви потрібно",2026-08-29 20:45
suchasna-vyshyvka-hrestykom_C,suchasna-vyshyvka-hrestykom,C,vyshyvka-hrestykom,Вишивка хрестиком,Сучасна вишивка хрестиком: мінімалізм і приглушені кольори,"Хрестик давно вийшов за межі рушників.

Геометрія, леттеринг, пастельна палітра — показуємо, як виглядає сучасний підхід і які схеми пасують до нейтрального інтерʼєру.","Мінімалістичний геометричний мотив, вишитий хрестиком у пʼяльцях, поруч пастельні муліне",https://ridnavyshyvka.com.ua/vyshyvka-hrestykom/suchasna-vyshyvka-hrestykom/,https://ridnavyshyvka.com.ua/pins/pin_suchasna-vyshyvka-hrestykom_C.jpg,"сучасна вишивка хрестиком, мінімалізм вишивка, сучасні схеми, декор для дому",2026-08-30 08:00
ridna-vyshyvka_C,ridna-vyshyvka,C,site,Українська вишивка,Українська вишивка з нуля: з чого почати новачку,"Хочеться вишивати, але незрозуміло, з чого почати?

Зібрали гіди по техніках, матеріалах і схемах — від простого мотиву на вечір до рушника з символікою.",Вишиті рушники з червоно-чорними орнаментами при теплому світлі,https://ridnavyshyvka.com.ua/,https://ridnavyshyvka.com.ua/pins/pin_ridna-vyshyvka_C.jpg,"українська вишивка, схеми вишивки, вишиванка, рушники, вишивка бісером, техніки вишивки",2026-08-30 10:15
vyshyvka-oberih-dlia-voina_C,vyshyvka-oberih-dlia-voina,C,ukrayinska-vyshyvka,Українська вишивка,Вишивка-оберіг для воїна: символи та традиція,"Хустинка, стрічка, невеликий рушничок — оберіг не мусить бути великим.

Розповідаємо, які символи традиційно вишивали в дорогу, і чому важливіше значення, ніж розмір роботи.","Складена лляна хустинка з дрібними червоними квітами, вишитими вручну",https://ridnavyshyvka.com.ua/ukrayinska-vyshyvka/vyshyvka-oberih-dlia-voina/,https://ridnavyshyvka.com.ua/pins/pin_vyshyvka-oberih-dlia-voina_C.jpg,"вишивка оберіг, оберіг для воїна, обереги символи, вишита хустинка",2026-08-30 11:30
kartyny-biserom_C,kartyny-biserom,C,vyshyvka-biserom,Вишивка бісером,"Картини бісером — техніка, схеми та розрахунок матеріалів","Рівні ряди бісеру дають той самий ефект, що й щільна гладь.

Розбираємо техніку укладання, як порахувати кількість бісеру на роботу і як оформити готову картину в рамку.",Вишита бісером квіткова композиція в деревʼяній рамці,https://ridnavyshyvka.com.ua/vyshyvka-biserom/kartyny-biserom/,https://ridnavyshyvka.com.ua/pins/pin_kartyny-biserom_C.jpg,"картини бісером, вишивка бісером картини, схеми бісером, оформлення вишивки",2026-08-30 13:45
nabory-dlya-vyshyvky-hrestykom_C,nabory-dlya-vyshyvky-hrestykom,C,vyshyvka-hrestykom,Вишивка хрестиком,Набори для вишивки хрестиком: як обрати і на що дивитися,"У хорошому наборі є канва, муліне з запасом, голка й чітка схема з ключем.

Розбираємо, на чому економлять виробники і які набори підходять для першої роботи.","Набір для вишивки: пʼяльці з початою роботою, мотки червоного й чорного муліне, схема",https://ridnavyshyvka.com.ua/vyshyvka-hrestykom/nabory-dlya-vyshyvky-hrestykom/,https://ridnavyshyvka.com.ua/pins/pin_nabory-dlya-vyshyvky-hrestykom_C.jpg,"набори для вишивки хрестиком, як обрати набір, вишивка набір, муліне канва",2026-08-30 15:00
sylianky-z-biseru-shemy_C,sylianky-z-biseru-shemy,C,vyshyvka-biserom,Вишивка бісером,Силянка з бісеру: схеми та техніка плетіння,"Силянка — щільна нашийна прикраса з ромбовим орнаментом.

Показуємо базову техніку низання, традиційні схеми та як тримати однакову щільність по всій довжині.","Силянка з червоного, чорного й білого бісеру з ромбовим орнаментом",https://ridnavyshyvka.com.ua/vyshyvka-biserom/sylianky-z-biseru-shemy/,https://ridnavyshyvka.com.ua/pins/pin_sylianky-z-biseru-shemy_C.jpg,"силянка з бісеру, схеми силянок, бісероплетіння, українські прикраси з бісеру",2026-08-30 17:15
yak-chytaty-shemy-hrestykom_C,yak-chytaty-shemy-hrestykom,C,vyshyvka-hrestykom,Вишивка хрестиком,Як читати схеми для вишивки хрестиком: розбір для новачка,"Клітинка = хрестик. Символ = колір нитки. Ключ = розшифровка.

Покроково показуємо, як знайти центр схеми, звідки починати роботу і як не збитися з рахунку.","Паперова схема вишивки хрестиком великим планом, поруч голка і мотки муліне",https://ridnavyshyvka.com.ua/vyshyvka-hrestykom/yak-chytaty-shemy-hrestykom/,https://ridnavyshyvka.com.ua/pins/pin_yak-chytaty-shemy-hrestykom_C.jpg,"як читати схеми хрестиком, схема вишивки, ключ до схеми, вишивка для початківців",2026-08-30 18:30
vyroby-z-biseru-shemy_C,vyroby-z-biseru-shemy,C,vyshyvka-biserom,Вишивка бісером,Вироби з бісеру: ідеї та схеми для початківців і не тільки,"Сережки, підвіски, зірочки, браслети — почати можна з дрібниць.

Зібрали ідеї виробів з бісеру за рівнем складності та схеми з українськими мотивами.","Вироби з червоно-чорно-білого бісеру: зірка, сережки, серце, браслет і підвіски",https://ridnavyshyvka.com.ua/vyshyvka-biserom/vyroby-z-biseru-shemy/,https://ridnavyshyvka.com.ua/pins/pin_vyroby-z-biseru-shemy_C.jpg,"вироби з бісеру, схеми з бісеру, ідеї з бісеру, бісероплетіння, handmade",2026-08-30 20:45
vyshyvka-biserom-ikony_C,vyshyvka-biserom-ikony,C,vyshyvka-biserom,Вишивка бісером,Вишивка бісером ікони: з чого почати і як обрати образ,"Ікона бісером — робота на місяці, тож підготовка важливіша за швидкість.

Розбираємо вибір образу й заготовки, порядок роботи та як оформити готову ікону.","Вишита бісером ікона на лляному полотні, поруч червоний бісер і голка",https://ridnavyshyvka.com.ua/vyshyvka-biserom/vyshyvka-biserom-ikony/,https://ridnavyshyvka.com.ua/pins/pin_vyshyvka-biserom-ikony_C.jpg,"вишивка бісером ікони, вишиті ікони, ікона бісером схеми, вишивка бісером",2026-08-31 08:00
