Title,Media URL,Pinterest board,Thumbnail,Description,Link,Publish date,Keywords
Вишивка хрестиком з нуля: повний гід для початківців,https://ridnavyshyvka.com.ua/pins/pin_vyshyvka-hrestykom_C.jpg,Вишивка хрестиком · схеми,,"Хрестик — найпростіша техніка для старту.

Зібрали в одному гіді: яку канву й нитки брати, як читати схему, з чого починати перший мотив і скільки це коштує.",https://ridnavyshyvka.com.ua/vyshyvka-hrestykom/,2026-08-24 13:10,"вишивка хрестиком, вишивка для початківців, схеми хрестиком, канва, муліне"
"Вишиванка: види, орнаменти та як обрати свою",https://ridnavyshyvka.com.ua/pins/pin_vyshyvanka_C.jpg,Вишиванки та орнаменти,,"Вишиванка — не один фасон, а десятки регіональних традицій.

Зібрали головне: види сорочок, з яких тканин їх шиють, що означає орнамент і як не купити сувенірний друк замість вишивки.",https://ridnavyshyvka.com.ua/vyshyvanka/,2026-08-24 15:25,"вишиванка, українська сорочка, як обрати вишиванку, орнаменти вишиванки"
Заготовки для вишивки бісером: що це і як обрати,https://ridnavyshyvka.com.ua/pins/pin_zagotovky-dlya-vyshyvky-biserom_A.jpg,Вишивка бісером · прикраси,,"Заготовка — це тканина з нанесеним малюнком і схемою, по якій лишається тільки пришити бісер.

Що всередині: які бувають заготовки, що входить у набір, як перевірити якість друку й тканини і що доведеться докупити окремо.",https://ridnavyshyvka.com.ua/vyshyvka-biserom/zagotovky-dlya-vyshyvky-biserom/,2026-08-24 16:35,"заготовки для вишивки бісером, набори для вишивки бісером, схеми бісером, вишивка бісером для початківців"
Матеріали для вишивки: що потрібно купити на старті,https://ridnavyshyvka.com.ua/pins/pin_materialy-dlya-vyshyvky_C.jpg,Матеріали для вишивання,,"Щоб почати вишивати, вистачає пʼяти речей.

Зібрали базовий список — канва, муліне, голки, пʼяльці, ножиці — з поясненням, що брати одразу, а що можна відкласти.",https://ridnavyshyvka.com.ua/materialy-dlya-vyshyvky/,2026-08-24 17:45,"матеріали для вишивки, що потрібно для вишивки, канва нитки голки, набір новачка"
Вишивка бісером — з чого почати новачку,https://ridnavyshyvka.com.ua/pins/pin_vyshyvka-biserom_C.jpg,Вишивка бісером · прикраси,,"Бісер тримається на тканині лише за рахунок правильного шва.

Зібрали базу: який бісер брати, чим його пришивати, яка тканина підходить і які шви використовують найчастіше.",https://ridnavyshyvka.com.ua/vyshyvka-biserom/,2026-08-25 09:45,"вишивка бісером, бісер для початківців, бісерні шви, українські прикраси з бісеру"
Схеми вишивки хрестиком: де брати і як обирати,https://ridnavyshyvka.com.ua/pins/pin_shemy-hrestykom_C.jpg,Вишивка хрестиком · схеми,,"Погана схема псує навіть акуратну роботу.

Розповідаємо, де шукати безкоштовні схеми, які формати зручні для друку і за якими ознаками видно, що схему краще не брати.",https://ridnavyshyvka.com.ua/vyshyvka-hrestykom/shemy-hrestykom/,2026-08-25 16:35,"схеми вишивки хрестиком, безкоштовні схеми, схема хрестиком, українські орнаменти"
Орнаменти вишиванки: значення символів і видів узору,https://ridnavyshyvka.com.ua/pins/pin_ornament-vyshyvanky_C.jpg,Вишиванки та орнаменти,,"Кожен елемент на сорочці колись мав значення.

Розбираємо основні мотиви української вишивки — геометричні, рослинні й зооморфні — і що вони означали для тих, хто їх вишивав.",https://ridnavyshyvka.com.ua/vyshyvanka/ornament-vyshyvanky/,2026-08-25 20:00,"орнамент вишиванки, символи вишивки, значення орнаментів, українські узори"
"Канва для вишивки: аїда, рівномірка і як обрати каунт",https://ridnavyshyvka.com.ua/pins/pin_kanva-dlya-vyshyvky_C.jpg,Матеріали для вишивання,,"Каунт — це кількість клітинок на дюйм. Що він більший, то дрібніший хрестик.

Пояснюємо різницю між аїдою та рівномірною тканиною і який каунт брати для першої роботи.",https://ridnavyshyvka.com.ua/materialy-dlya-vyshyvky/kanva-dlya-vyshyvky/,2026-08-26 08:00,"канва для вишивки, аїда, рівномірка, каунт канви, як обрати канву"
Схеми для вишивки бісером: де взяти і як користуватися,https://ridnavyshyvka.com.ua/pins/pin_shemy-biserom_C.jpg,Вишивка бісером · прикраси,,"Схема бісером схожа на хрестикову, але одна клітинка — це одна намистина.

Показуємо, де шукати схеми, як перенести малюнок на тканину і чому важливий однаковий калібр бісеру.",https://ridnavyshyvka.com.ua/vyshyvka-biserom/shemy-biserom/,2026-08-26 13:10,"схеми для вишивки бісером, бісерні схеми, вишивка бісером, орнамент бісером"
Легкі схеми вишивки хрестиком — почати й закінчити за вечір,https://ridnavyshyvka.com.ua/pins/pin_legki-shemy-hrestykom_C.jpg,Вишивка хрестиком · схеми,,"Велика картина лякає. Маленький мотив — ні.

Зібрали прості схеми, які реально дошити: дрібні квіти, зірочки, бордюри. Ідеально для першої роботи або подарунка похапцем.",https://ridnavyshyvka.com.ua/vyshyvka-hrestykom/legki-shemy-hrestykom/,2026-08-26 16:35,"легкі схеми вишивки хрестиком, прості схеми, вишивка для початківців, маленькі мотиви"
"Чоловіча вишиванка: орнаменти, крій і як обрати",https://ridnavyshyvka.com.ua/pins/pin_cholovicha-vyshyvanka_C.jpg,Вишиванки та орнаменти,,"Стійка чи відкладний комір, льон чи бавовна, стриманий узор чи насичений — вибір ширший, ніж здається.

Підказуємо, як підібрати чоловічу вишиванку під фігуру й привід.",https://ridnavyshyvka.com.ua/vyshyvanka/cholovicha-vyshyvanka/,2026-08-26 20:00,"чоловіча вишиванка, вишиванка для чоловіка, орнаменти, як обрати вишиванку"
"Нитки муліне для вишивки: складання, якість, зберігання",https://ridnavyshyvka.com.ua/pins/pin_nytky-muline-dlya-vyshyvky_C.jpg,Матеріали для вишивання,,"Одна нитка муліне складається з шести тонших — і від їх кількості залежить щільність хрестика.

Розбираємо, скільки складань брати під різний каунт, як перевірити нитки на линяння і як зберігати мотки.",https://ridnavyshyvka.com.ua/materialy-dlya-vyshyvky/nytky-muline-dlya-vyshyvky/,2026-08-27 09:45,"нитки муліне, муліне для вишивки, скільки складань, як обрати нитки"
Браслети з бісеру: схеми для початківців без станка,https://ridnavyshyvka.com.ua/pins/pin_braslety-z-biseru-shemy_C.jpg,Вишивка бісером · прикраси,,"Перший браслет реально сплести за один вечір.

Зібрали прості схеми з традиційним українським орнаментом і пояснили, як зробити акуратну застібку з косички.",https://ridnavyshyvka.com.ua/vyshyvka-biserom/braslety-z-biseru-shemy/,2026-08-27 20:00,"браслети з бісеру, схеми браслетів, бісероплетіння для початківців, український орнамент"
Вишивка хрестиком для початківців: 5 правил першої роботи,https://ridnavyshyvka.com.ua/pins/pin_vyshyvka-hrestykom-dlya-pochatkivciv_C.jpg,Вишивка хрестиком · схеми,,"Усі хрестики мають лежати в один бік. Вузлів на вивороті бути не повинно.

Зібрали базові правила, через які робота новачка виглядає акуратно вже з першого мотиву.",https://ridnavyshyvka.com.ua/vyshyvka-hrestykom/vyshyvka-hrestykom-dlya-pochatkivciv/,2026-08-28 13:10,"вишивка хрестиком для початківців, як вишивати хрестиком, перша вишивка, помилки новачків"
"Жіноча вишиванка: фасони, орнаменти та як обрати",https://ridnavyshyvka.com.ua/pins/pin_vyshyvanka-zhinocha_C.jpg,Вишиванки та орнаменти,,"Вишиванку хочеться носити не лише на свято.

Розбираємо фасони жіночих сорочок, довжину рукава, тканини й орнаменти, які легко вписуються в буденний гардероб.",https://ridnavyshyvka.com.ua/vyshyvanka/vyshyvanka-zhinocha/,2026-08-28 16:35,"жіноча вишиванка, фасони вишиванок, вишиванка жіноча орнамент, українська сорочка"
"Голки для вишивання: види, номери та як обрати",https://ridnavyshyvka.com.ua/pins/pin_golky-dlya-vyshyvannya_C.jpg,Матеріали для вишивання,,"Тупий кінчик — для хрестика по канві, гострий — для гладі та бісеру.

Пояснюємо систему номерів, який розмір вушка потрібен під муліне і чому одна голка не підходить для всього.",https://ridnavyshyvka.com.ua/materialy-dlya-vyshyvky/golky-dlya-vyshyvannya/,2026-08-28 18:15,"голки для вишивання, номери голок, гобеленова голка, голка для бісеру"
Брошки з бісеру своїми руками: покроково для початківців,https://ridnavyshyvka.com.ua/pins/pin_broshky-z-biseru_C.jpg,Вишивка бісером · прикраси,,"Фетр, бісер, голка й трохи терпіння — цього досить для першої брошки.

Розбираємо порядок роботи: від перенесення контуру до обробки краю і кріплення застібки.",https://ridnavyshyvka.com.ua/vyshyvka-biserom/broshky-z-biseru/,2026-08-29 09:45,"брошки з бісеру, брошка своїми руками, вишивка бісером по фетру, handmade прикраси"
Схеми картин хрестиком: як обрати сюжет і розрахувати розмір,https://ridnavyshyvka.com.ua/pins/pin_shemy-kartyn-hrestykom_C.jpg,Вишивка хрестиком · схеми,,"Картина — це десятки годин роботи, тож сюжет варто обирати свідомо.

Підказуємо, як оцінити складність схеми, порахувати розмір під канву і рознести роботу на етапи, щоб не втратити мотивацію.",https://ridnavyshyvka.com.ua/vyshyvka-hrestykom/shemy-kartyn-hrestykom/,2026-08-29 14:50,"схеми картин хрестиком, вишиті картини, вишивка картини хрестиком, маки вишивка"
"Дитяча вишиванка: як обрати розмір, тканину та орнамент",https://ridnavyshyvka.com.ua/pins/pin_vyshyvanka-dytyacha_C.jpg,Вишиванки та орнаменти,,"Дитяча вишиванка має бути передусім зручною.

Підказуємо, яка тканина не колеться, як брати розмір на виріст і які орнаменти традиційно вишивали дітям.",https://ridnavyshyvka.com.ua/vyshyvanka/vyshyvanka-dytyacha/,2026-08-29 18:15,"дитяча вишиванка, вишиванка для дівчинки, вишиванка для хлопчика, розмір вишиванки"
"Пʼяльці для вишивання: види, розміри та як натягнути тканину",https://ridnavyshyvka.com.ua/pins/pin_pyaltsi-dlya-vyshyvannya_C.jpg,Матеріали для вишивання,,"Слабо натягнута тканина — перекошені хрестики.

Порівнюємо деревʼяні, пластикові пʼяльці та станки, підказуємо розмір під роботу і як зняти сліди від обруча.",https://ridnavyshyvka.com.ua/materialy-dlya-vyshyvky/pyaltsi-dlya-vyshyvannya/,2026-08-30 08:00,"пʼяльці для вишивання, як натягнути тканину, деревʼяні пʼяльці, станок для вишивки"
"Гердан з бісеру: схеми, види та техніка плетіння",https://ridnavyshyvka.com.ua/pins/pin_herdany-shemy_C.jpg,Вишивка бісером · прикраси,,"Гердан — традиційна нашийна прикраса зі стрічки бісеру.

Пояснюємо різницю між тканим і низаним герданом, показуємо схеми орнаментів і радимо, з якої техніки почати.",https://ridnavyshyvka.com.ua/vyshyvka-biserom/herdany-shemy/,2026-08-30 14:50,"гердан з бісеру, схеми герданів, українські прикраси, бісероплетіння"
Сучасна вишивка хрестиком: мінімалізм і приглушені кольори,https://ridnavyshyvka.com.ua/pins/pin_suchasna-vyshyvka-hrestykom_C.jpg,Вишивка хрестиком · схеми,,"Хрестик давно вийшов за межі рушників.

Геометрія, леттеринг, пастельна палітра — показуємо, як виглядає сучасний підхід і які схеми пасують до нейтрального інтерʼєру.",https://ridnavyshyvka.com.ua/vyshyvka-hrestykom/suchasna-vyshyvka-hrestykom/,2026-08-31 08:00,"сучасна вишивка хрестиком, мінімалізм вишивка, сучасні схеми, декор для дому"
"Картини бісером — техніка, схеми та розрахунок матеріалів",https://ridnavyshyvka.com.ua/pins/pin_kartyny-biserom_C.jpg,Вишивка бісером · прикраси,,"Рівні ряди бісеру дають той самий ефект, що й щільна гладь.

Розбираємо техніку укладання, як порахувати кількість бісеру на роботу і як оформити готову картину в рамку.",https://ridnavyshyvka.com.ua/vyshyvka-biserom/kartyny-biserom/,2026-08-31 13:10,"картини бісером, вишивка бісером картини, схеми бісером, оформлення вишивки"
Набори для вишивки хрестиком: як обрати і на що дивитися,https://ridnavyshyvka.com.ua/pins/pin_nabory-dlya-vyshyvky-hrestykom_C.jpg,Вишивка хрестиком · схеми,,"У хорошому наборі є канва, муліне з запасом, голка й чітка схема з ключем.

Розбираємо, на чому економлять виробники і які набори підходять для першої роботи.",https://ridnavyshyvka.com.ua/vyshyvka-hrestykom/nabory-dlya-vyshyvky-hrestykom/,2026-08-31 14:50,"набори для вишивки хрестиком, як обрати набір, вишивка набір, муліне канва"
Силянка з бісеру: схеми та техніка плетіння,https://ridnavyshyvka.com.ua/pins/pin_sylianky-z-biseru-shemy_C.jpg,Вишивка бісером · прикраси,,"Силянка — щільна нашийна прикраса з ромбовим орнаментом.

Показуємо базову техніку низання, традиційні схеми та як тримати однакову щільність по всій довжині.",https://ridnavyshyvka.com.ua/vyshyvka-biserom/sylianky-z-biseru-shemy/,2026-08-31 16:35,"силянка з бісеру, схеми силянок, бісероплетіння, українські прикраси з бісеру"
Як читати схеми для вишивки хрестиком: розбір для новачка,https://ridnavyshyvka.com.ua/pins/pin_yak-chytaty-shemy-hrestykom_C.jpg,Вишивка хрестиком · схеми,,"Клітинка = хрестик. Символ = колір нитки. Ключ = розшифровка.

Покроково показуємо, як знайти центр схеми, звідки починати роботу і як не збитися з рахунку.",https://ridnavyshyvka.com.ua/vyshyvka-hrestykom/yak-chytaty-shemy-hrestykom/,2026-08-31 18:15,"як читати схеми хрестиком, схема вишивки, ключ до схеми, вишивка для початківців"
Вироби з бісеру: ідеї та схеми для початківців і не тільки,https://ridnavyshyvka.com.ua/pins/pin_vyroby-z-biseru-shemy_C.jpg,Вишивка бісером · прикраси,,"Сережки, підвіски, зірочки, браслети — почати можна з дрібниць.

Зібрали ідеї виробів з бісеру за рівнем складності та схеми з українськими мотивами.",https://ridnavyshyvka.com.ua/vyshyvka-biserom/vyroby-z-biseru-shemy/,2026-08-31 20:00,"вироби з бісеру, схеми з бісеру, ідеї з бісеру, бісероплетіння, handmade"
Вишивка бісером ікони: з чого почати і як обрати образ,https://ridnavyshyvka.com.ua/pins/pin_vyshyvka-biserom-ikony_C.jpg,Вишивка бісером · прикраси,,"Ікона бісером — робота на місяці, тож підготовка важливіша за швидкість.

Розбираємо вибір образу й заготовки, порядок роботи та як оформити готову ікону.",https://ridnavyshyvka.com.ua/vyshyvka-biserom/vyshyvka-biserom-ikony/,2026-09-01 08:00,"вишивка бісером ікони, вишиті ікони, ікона бісером схеми, вишивка бісером"
